{
  "experiment": 0.053249183278315355,
  "hour": 0.5850782405387308,
  "browser": 0.10614287224880692,
  "day_of_week": 0.21913989194908345,
  "brand": 0.036389811985063525
}